doctor_id,name,department,experience_years
D001,Joel Mason,ENT,19
D002,Louis Ruiz,ENT,13
D003,Tony Knight,Cardiology,19
D004,Nicholas Rivera,General,22
D005,Ashley Brady MD,ENT,18
D006,Maria Schmidt,Dermatology,13
D007,Teresa Wells,General,13
D008,Spencer Graves,Oncology,25
D009,Mark Trevino,Oncology,14
D010,Mike Stanley,General,8
